framework	next
tailwind	none
run_script	"dev": "next dev"
ui_library	none
own_package	none
routes	1
source_lines	509
ui_lines	495
small_app	yes
scaffold_files_skipped	0
component_defs	5
stray_dirs	none
shared_ui_dirs	none
harden_dirs	none
same_name_defs	0
token_files	0
custom_property_defs	15
token_refs	60
tw_semantic	0
raw_color_lines	9
raw_color_occurrences	17
tw_arbitrary	0
tw_palette	0
inline_styles	0
ui_raw_lines	0
stock_ui_defs	0
product_component_defs	5
foundation	raw
raw_family_copies	0
families_with_2plus	0
families_present	1
storybook	no
stories	0
llms_txt	no
registry_json	no
system_docs_routes	0
component_specs	0
build_record	none
migration_runs	none
boss_state	none
git_branch	main
git_uncommitted	1
adoption_pct	86
palette_pct	0
