Button	1	own 1, stock 0, raw copies 0, wrappers 0 (not counted)
Input|TextField|Field	0	own 0, stock 0, raw copies 0, wrappers 0 (not counted)
Select|Dropdown|Combobox	0	own 0, stock 0, raw copies 0, wrappers 0 (not counted)
Dialog|Modal|Drawer|Sheet	0	own 0, stock 0, raw copies 0, wrappers 0 (not counted)
Card	0	own 0, stock 0, raw copies 0, wrappers 0 (not counted)
Badge|Tag|Chip|Pill	0	own 0, stock 0, raw copies 0, wrappers 0 (not counted)
Toast|Snackbar|Notification	0	own 0, stock 0, raw copies 0, wrappers 0 (not counted)
Tooltip|Popover	0	own 0, stock 0, raw copies 0, wrappers 0 (not counted)
Tabs?	0	own 0, stock 0, raw copies 0, wrappers 0 (not counted)
Link	0	own 0, stock 0, raw copies 0, wrappers 0 (not counted)
